Configuration,Model,AUC,Recall,Precision,Accuracy,Specificity,Best Threshold
"Baseline (drop payer_code, drop race NaN)",Decision Tree,0.5849388155046916,0.44823459006582883,0.15815033783783783,0.6702049042660396,0.6979718480399576,0.296
"Baseline (drop payer_code, drop race NaN)",Logistic Regression,0.6059844223393628,0.4177139437462597,0.17333002234914327,0.710984212294256,0.7480702285454821,0.23
"Baseline (drop payer_code, drop race NaN)",Random Forest,0.6261164667943262,0.5703171753441053,0.16133401049602167,0.6189452468928451,0.6250945966399274,0.467
With payer_code (Unknown),Decision Tree,0.5849590821696192,0.4500299222022741,0.15337548439730778,0.6593886462882096,0.6605115786287271,0.335
With payer_code (Unknown),Logistic Regression,0.6101147007186491,0.4326750448833034,0.17621252741896173,0.7092374874034263,0.7442106856364462,0.213
With payer_code (Unknown),Random Forest,0.6242266172730679,0.594853381208857,0.15812917594654788,0.5989922741014444,0.599515665203572,0.462
With race (Unknown),Decision Tree,0.5981382660926307,0.45615067686874633,0.15584154433943292,0.6635796387520525,0.6669377495194441,0.321
With race (Unknown),Logistic Regression,0.6020705049817077,0.566804002354326,0.14840499306518723,0.5887027914614121,0.5914534969688008,0.167
With race (Unknown),Random Forest,0.6192726549273533,0.48322542672160096,0.1646610509426394,0.668768472906404,0.692074523140618,0.485
